--
-- PostgreSQL database dump
--

-- Dumped from database version 16.4
-- Dumped by pg_dump version 16.8 (Homebrew)

SET statement_timeout = 0;
SET lock_timeout = 0;
SET idle_in_transaction_session_timeout = 0;
SET client_encoding = 'UTF8';
SET standard_conforming_strings = on;
SELECT pg_catalog.set_config('search_path', '', false);
SET check_function_bodies = false;
SET xmloption = content;
SET client_min_messages = warning;
SET row_security = off;

SET default_tablespace = '';

SET default_table_access_method = heap;

--
-- Name: auth_group; Type: TABLE; Schema: public; Owner: alishero5
--

CREATE TABLE public.auth_group (
    id integer NOT NULL,
    name character varying(150) NOT NULL
);


ALTER TABLE public.auth_group OWNER TO alishero5;

--
-- Name: auth_group_id_seq; Type: SEQUENCE; Schema: public; Owner: alishero5
--

ALTER TABLE public.auth_group ALTER COLUMN id ADD GENERATED BY DEFAULT AS IDENTITY (
    SEQUENCE NAME public.auth_group_id_seq
    START WITH 1
    INCREMENT BY 1
    NO MINVALUE
    NO MAXVALUE
    CACHE 1
);


--
-- Name: auth_group_permissions; Type: TABLE; Schema: public; Owner: alishero5
--

CREATE TABLE public.auth_group_permissions (
    id bigint NOT NULL,
    group_id integer NOT NULL,
    permission_id integer NOT NULL
);


ALTER TABLE public.auth_group_permissions OWNER TO alishero5;

--
-- Name: auth_group_permissions_id_seq; Type: SEQUENCE; Schema: public; Owner: alishero5
--

ALTER TABLE public.auth_group_permissions ALTER COLUMN id ADD GENERATED BY DEFAULT AS IDENTITY (
    SEQUENCE NAME public.auth_group_permissions_id_seq
    START WITH 1
    INCREMENT BY 1
    NO MINVALUE
    NO MAXVALUE
    CACHE 1
);


--
-- Name: auth_permission; Type: TABLE; Schema: public; Owner: alishero5
--

CREATE TABLE public.auth_permission (
    id integer NOT NULL,
    name character varying(255) NOT NULL,
    content_type_id integer NOT NULL,
    codename character varying(100) NOT NULL
);


ALTER TABLE public.auth_permission OWNER TO alishero5;

--
-- Name: auth_permission_id_seq; Type: SEQUENCE; Schema: public; Owner: alishero5
--

ALTER TABLE public.auth_permission ALTER COLUMN id ADD GENERATED BY DEFAULT AS IDENTITY (
    SEQUENCE NAME public.auth_permission_id_seq
    START WITH 1
    INCREMENT BY 1
    NO MINVALUE
    NO MAXVALUE
    CACHE 1
);


--
-- Name: auth_user; Type: TABLE; Schema: public; Owner: alishero5
--

CREATE TABLE public.auth_user (
    id integer NOT NULL,
    password character varying(128) NOT NULL,
    last_login timestamp with time zone,
    is_superuser boolean NOT NULL,
    username character varying(150) NOT NULL,
    first_name character varying(150) NOT NULL,
    last_name character varying(150) NOT NULL,
    email character varying(254) NOT NULL,
    is_staff boolean NOT NULL,
    is_active boolean NOT NULL,
    date_joined timestamp with time zone NOT NULL
);


ALTER TABLE public.auth_user OWNER TO alishero5;

--
-- Name: auth_user_groups; Type: TABLE; Schema: public; Owner: alishero5
--

CREATE TABLE public.auth_user_groups (
    id bigint NOT NULL,
    user_id integer NOT NULL,
    group_id integer NOT NULL
);


ALTER TABLE public.auth_user_groups OWNER TO alishero5;

--
-- Name: auth_user_groups_id_seq; Type: SEQUENCE; Schema: public; Owner: alishero5
--

ALTER TABLE public.auth_user_groups ALTER COLUMN id ADD GENERATED BY DEFAULT AS IDENTITY (
    SEQUENCE NAME public.auth_user_groups_id_seq
    START WITH 1
    INCREMENT BY 1
    NO MINVALUE
    NO MAXVALUE
    CACHE 1
);


--
-- Name: auth_user_id_seq; Type: SEQUENCE; Schema: public; Owner: alishero5
--

ALTER TABLE public.auth_user ALTER COLUMN id ADD GENERATED BY DEFAULT AS IDENTITY (
    SEQUENCE NAME public.auth_user_id_seq
    START WITH 1
    INCREMENT BY 1
    NO MINVALUE
    NO MAXVALUE
    CACHE 1
);


--
-- Name: auth_user_user_permissions; Type: TABLE; Schema: public; Owner: alishero5
--

CREATE TABLE public.auth_user_user_permissions (
    id bigint NOT NULL,
    user_id integer NOT NULL,
    permission_id integer NOT NULL
);


ALTER TABLE public.auth_user_user_permissions OWNER TO alishero5;

--
-- Name: auth_user_user_permissions_id_seq; Type: SEQUENCE; Schema: public; Owner: alishero5
--

ALTER TABLE public.auth_user_user_permissions ALTER COLUMN id ADD GENERATED BY DEFAULT AS IDENTITY (
    SEQUENCE NAME public.auth_user_user_permissions_id_seq
    START WITH 1
    INCREMENT BY 1
    NO MINVALUE
    NO MAXVALUE
    CACHE 1
);


--
-- Name: django_admin_log; Type: TABLE; Schema: public; Owner: alishero5
--

CREATE TABLE public.django_admin_log (
    id integer NOT NULL,
    action_time timestamp with time zone NOT NULL,
    object_id text,
    object_repr character varying(200) NOT NULL,
    action_flag smallint NOT NULL,
    change_message text NOT NULL,
    content_type_id integer,
    user_id integer NOT NULL,
    CONSTRAINT django_admin_log_action_flag_check CHECK ((action_flag >= 0))
);


ALTER TABLE public.django_admin_log OWNER TO alishero5;

--
-- Name: django_admin_log_id_seq; Type: SEQUENCE; Schema: public; Owner: alishero5
--

ALTER TABLE public.django_admin_log ALTER COLUMN id ADD GENERATED BY DEFAULT AS IDENTITY (
    SEQUENCE NAME public.django_admin_log_id_seq
    START WITH 1
    INCREMENT BY 1
    NO MINVALUE
    NO MAXVALUE
    CACHE 1
);


--
-- Name: django_content_type; Type: TABLE; Schema: public; Owner: alishero5
--

CREATE TABLE public.django_content_type (
    id integer NOT NULL,
    app_label character varying(100) NOT NULL,
    model character varying(100) NOT NULL
);


ALTER TABLE public.django_content_type OWNER TO alishero5;

--
-- Name: django_content_type_id_seq; Type: SEQUENCE; Schema: public; Owner: alishero5
--

ALTER TABLE public.django_content_type ALTER COLUMN id ADD GENERATED BY DEFAULT AS IDENTITY (
    SEQUENCE NAME public.django_content_type_id_seq
    START WITH 1
    INCREMENT BY 1
    NO MINVALUE
    NO MAXVALUE
    CACHE 1
);


--
-- Name: django_migrations; Type: TABLE; Schema: public; Owner: alishero5
--

CREATE TABLE public.django_migrations (
    id bigint NOT NULL,
    app character varying(255) NOT NULL,
    name character varying(255) NOT NULL,
    applied timestamp with time zone NOT NULL
);


ALTER TABLE public.django_migrations OWNER TO alishero5;

--
-- Name: django_migrations_id_seq; Type: SEQUENCE; Schema: public; Owner: alishero5
--

ALTER TABLE public.django_migrations ALTER COLUMN id ADD GENERATED BY DEFAULT AS IDENTITY (
    SEQUENCE NAME public.django_migrations_id_seq
    START WITH 1
    INCREMENT BY 1
    NO MINVALUE
    NO MAXVALUE
    CACHE 1
);


--
-- Name: django_session; Type: TABLE; Schema: public; Owner: alishero5
--

CREATE TABLE public.django_session (
    session_key character varying(40) NOT NULL,
    session_data text NOT NULL,
    expire_date timestamp with time zone NOT NULL
);


ALTER TABLE public.django_session OWNER TO alishero5;

--
-- Name: traning_app_category; Type: TABLE; Schema: public; Owner: alishero5
--

CREATE TABLE public.traning_app_category (
    id bigint NOT NULL,
    name character varying(100) NOT NULL
);


ALTER TABLE public.traning_app_category OWNER TO alishero5;

--
-- Name: traning_app_category_id_seq; Type: SEQUENCE; Schema: public; Owner: alishero5
--

ALTER TABLE public.traning_app_category ALTER COLUMN id ADD GENERATED BY DEFAULT AS IDENTITY (
    SEQUENCE NAME public.traning_app_category_id_seq
    START WITH 1
    INCREMENT BY 1
    NO MINVALUE
    NO MAXVALUE
    CACHE 1
);


--
-- Name: traning_app_customer; Type: TABLE; Schema: public; Owner: alishero5
--

CREATE TABLE public.traning_app_customer (
    id bigint NOT NULL,
    name character varying(100) NOT NULL,
    age integer NOT NULL,
    joined_at timestamp with time zone NOT NULL
);


ALTER TABLE public.traning_app_customer OWNER TO alishero5;

--
-- Name: traning_app_customer_id_seq; Type: SEQUENCE; Schema: public; Owner: alishero5
--

ALTER TABLE public.traning_app_customer ALTER COLUMN id ADD GENERATED BY DEFAULT AS IDENTITY (
    SEQUENCE NAME public.traning_app_customer_id_seq
    START WITH 1
    INCREMENT BY 1
    NO MINVALUE
    NO MAXVALUE
    CACHE 1
);


--
-- Name: traning_app_order; Type: TABLE; Schema: public; Owner: alishero5
--

CREATE TABLE public.traning_app_order (
    id bigint NOT NULL,
    created_at timestamp with time zone NOT NULL,
    total numeric(8,2) NOT NULL,
    is_active boolean NOT NULL,
    customer_id bigint NOT NULL
);


ALTER TABLE public.traning_app_order OWNER TO alishero5;

--
-- Name: traning_app_order_id_seq; Type: SEQUENCE; Schema: public; Owner: alishero5
--

ALTER TABLE public.traning_app_order ALTER COLUMN id ADD GENERATED BY DEFAULT AS IDENTITY (
    SEQUENCE NAME public.traning_app_order_id_seq
    START WITH 1
    INCREMENT BY 1
    NO MINVALUE
    NO MAXVALUE
    CACHE 1
);


--
-- Name: traning_app_orderitem; Type: TABLE; Schema: public; Owner: alishero5
--

CREATE TABLE public.traning_app_orderitem (
    id bigint NOT NULL,
    quantity integer NOT NULL,
    order_id bigint NOT NULL,
    product_id bigint NOT NULL,
    CONSTRAINT traning_app_orderitem_quantity_check CHECK ((quantity >= 0))
);


ALTER TABLE public.traning_app_orderitem OWNER TO alishero5;

--
-- Name: traning_app_orderitem_id_seq; Type: SEQUENCE; Schema: public; Owner: alishero5
--

ALTER TABLE public.traning_app_orderitem ALTER COLUMN id ADD GENERATED BY DEFAULT AS IDENTITY (
    SEQUENCE NAME public.traning_app_orderitem_id_seq
    START WITH 1
    INCREMENT BY 1
    NO MINVALUE
    NO MAXVALUE
    CACHE 1
);


--
-- Name: traning_app_product; Type: TABLE; Schema: public; Owner: alishero5
--

CREATE TABLE public.traning_app_product (
    id bigint NOT NULL,
    name character varying(100) NOT NULL,
    price numeric(6,2) NOT NULL,
    discount numeric(4,2) NOT NULL,
    rating double precision NOT NULL,
    created_at timestamp with time zone NOT NULL,
    category_id bigint NOT NULL
);


ALTER TABLE public.traning_app_product OWNER TO alishero5;

--
-- Name: traning_app_product_id_seq; Type: SEQUENCE; Schema: public; Owner: alishero5
--

ALTER TABLE public.traning_app_product ALTER COLUMN id ADD GENERATED BY DEFAULT AS IDENTITY (
    SEQUENCE NAME public.traning_app_product_id_seq
    START WITH 1
    INCREMENT BY 1
    NO MINVALUE
    NO MAXVALUE
    CACHE 1
);


--
-- Data for Name: auth_group; Type: TABLE DATA; Schema: public; Owner: alishero5
--

COPY public.auth_group (id, name) FROM stdin;
\.


--
-- Data for Name: auth_group_permissions; Type: TABLE DATA; Schema: public; Owner: alishero5
--

COPY public.auth_group_permissions (id, group_id, permission_id) FROM stdin;
\.


--
-- Data for Name: auth_permission; Type: TABLE DATA; Schema: public; Owner: alishero5
--

COPY public.auth_permission (id, name, content_type_id, codename) FROM stdin;
1	Can add log entry	1	add_logentry
2	Can change log entry	1	change_logentry
3	Can delete log entry	1	delete_logentry
4	Can view log entry	1	view_logentry
5	Can add permission	2	add_permission
6	Can change permission	2	change_permission
7	Can delete permission	2	delete_permission
8	Can view permission	2	view_permission
9	Can add group	3	add_group
10	Can change group	3	change_group
11	Can delete group	3	delete_group
12	Can view group	3	view_group
13	Can add user	4	add_user
14	Can change user	4	change_user
15	Can delete user	4	delete_user
16	Can view user	4	view_user
17	Can add content type	5	add_contenttype
18	Can change content type	5	change_contenttype
19	Can delete content type	5	delete_contenttype
20	Can view content type	5	view_contenttype
21	Can add session	6	add_session
22	Can change session	6	change_session
23	Can delete session	6	delete_session
24	Can view session	6	view_session
25	Can add order	7	add_order
26	Can change order	7	change_order
27	Can delete order	7	delete_order
28	Can view order	7	view_order
29	Can add order item	8	add_orderitem
30	Can change order item	8	change_orderitem
31	Can delete order item	8	delete_orderitem
32	Can view order item	8	view_orderitem
33	Can add category	9	add_category
34	Can change category	9	change_category
35	Can delete category	9	delete_category
36	Can view category	9	view_category
37	Can add product	10	add_product
38	Can change product	10	change_product
39	Can delete product	10	delete_product
40	Can view product	10	view_product
41	Can add customer	11	add_customer
42	Can change customer	11	change_customer
43	Can delete customer	11	delete_customer
44	Can view customer	11	view_customer
\.


--
-- Data for Name: auth_user; Type: TABLE DATA; Schema: public; Owner: alishero5
--

COPY public.auth_user (id, password, last_login, is_superuser, username, first_name, last_name, email, is_staff, is_active, date_joined) FROM stdin;
1	pbkdf2_sha256$1000000$q1VIcBV8DzLAY8gdkj2IVF$DnLTbbv32t4LxM9zWQV+Vp4st4dHsWozAWu3YaIObdU=	2025-04-22 01:17:48.734312+03	t	alishero5				t	t	2025-04-22 01:17:15.923958+03
\.


--
-- Data for Name: auth_user_groups; Type: TABLE DATA; Schema: public; Owner: alishero5
--

COPY public.auth_user_groups (id, user_id, group_id) FROM stdin;
\.


--
-- Data for Name: auth_user_user_permissions; Type: TABLE DATA; Schema: public; Owner: alishero5
--

COPY public.auth_user_user_permissions (id, user_id, permission_id) FROM stdin;
\.


--
-- Data for Name: django_admin_log; Type: TABLE DATA; Schema: public; Owner: alishero5
--

COPY public.django_admin_log (id, action_time, object_id, object_repr, action_flag, change_message, content_type_id, user_id) FROM stdin;
\.


--
-- Data for Name: django_content_type; Type: TABLE DATA; Schema: public; Owner: alishero5
--

COPY public.django_content_type (id, app_label, model) FROM stdin;
1	admin	logentry
2	auth	permission
3	auth	group
4	auth	user
5	contenttypes	contenttype
6	sessions	session
7	traning_app	order
8	traning_app	orderitem
9	traning_app	category
10	traning_app	product
11	traning_app	customer
\.


--
-- Data for Name: django_migrations; Type: TABLE DATA; Schema: public; Owner: alishero5
--

COPY public.django_migrations (id, app, name, applied) FROM stdin;
1	contenttypes	0001_initial	2025-04-22 01:16:34.752749+03
2	auth	0001_initial	2025-04-22 01:16:34.793764+03
3	admin	0001_initial	2025-04-22 01:16:34.805993+03
4	admin	0002_logentry_remove_auto_add	2025-04-22 01:16:34.811558+03
5	admin	0003_logentry_add_action_flag_choices	2025-04-22 01:16:34.81856+03
6	contenttypes	0002_remove_content_type_name	2025-04-22 01:16:34.847394+03
7	auth	0002_alter_permission_name_max_length	2025-04-22 01:16:34.853467+03
8	auth	0003_alter_user_email_max_length	2025-04-22 01:16:34.86075+03
9	auth	0004_alter_user_username_opts	2025-04-22 01:16:34.86631+03
10	auth	0005_alter_user_last_login_null	2025-04-22 01:16:34.872261+03
11	auth	0006_require_contenttypes_0002	2025-04-22 01:16:34.873047+03
12	auth	0007_alter_validators_add_error_messages	2025-04-22 01:16:34.879387+03
13	auth	0008_alter_user_username_max_length	2025-04-22 01:16:34.930791+03
14	auth	0009_alter_user_last_name_max_length	2025-04-22 01:16:34.942137+03
15	auth	0010_alter_group_name_max_length	2025-04-22 01:16:34.94919+03
16	auth	0011_update_proxy_permissions	2025-04-22 01:16:34.954225+03
17	auth	0012_alter_user_first_name_max_length	2025-04-22 01:16:34.95995+03
18	sessions	0001_initial	2025-04-22 01:16:34.965252+03
19	traning_app	0001_initial	2025-04-22 01:23:04.132176+03
\.


--
-- Data for Name: django_session; Type: TABLE DATA; Schema: public; Owner: alishero5
--

COPY public.django_session (session_key, session_data, expire_date) FROM stdin;
dhgvw58tumag93uvsququ6oyw2kzsks9	.eJxVjEEOwiAQRe_C2hAoFMGl-56BDMyMVA0kpV0Z765NutDtf-_9l4iwrSVunZY4o7gILU6_W4L8oLoDvEO9NZlbXZc5yV2RB-1yakjP6-H-HRTo5VsHm6whlYlHVqg0E5BzCjUPHkegDPYcAgfvrQsJSQ2YDSgOGQGZjHh_AApgOVs:1u6zSW:veR_84j2nv1mAuLwjES1hMJb3QPfH1VscsREacrj_LE	2025-05-06 01:17:48.737643+03
\.


--
-- Data for Name: traning_app_category; Type: TABLE DATA; Schema: public; Owner: alishero5
--

COPY public.traning_app_category (id, name) FROM stdin;
1	Электроника
2	Одежда
3	Дом и Сад
4	Книги
5	Игрушки
6	Автотовары
7	Красота и здоровье
8	Бытовая техника
9	Компьютеры и периферия
10	Мебель
11	Украшения
12	Товары для спорта
13	Канцелярия
14	Продукты питания
15	Музыкальные инструменты
\.


--
-- Data for Name: traning_app_customer; Type: TABLE DATA; Schema: public; Owner: alishero5
--

COPY public.traning_app_customer (id, name, age, joined_at) FROM stdin;
1	Алишер	30	2025-04-22 01:39:15.283034+03
2	Мухаммад	53	2025-04-22 01:39:15.326458+03
3	Зулайхо	34	2025-04-22 01:39:15.327746+03
4	Фаррух	55	2025-04-22 01:39:15.328807+03
5	Рухшона	54	2025-04-22 01:39:15.330485+03
6	Азиз	55	2025-04-22 01:39:15.332424+03
7	Ситора	18	2025-04-22 01:39:15.333124+03
8	Джамшед	52	2025-04-22 01:39:15.333794+03
9	Манижа	34	2025-04-22 01:39:15.334414+03
10	Шахриёр	29	2025-04-22 01:39:15.335012+03
11	Нигина	48	2025-04-22 01:39:15.335584+03
12	Исмоил	31	2025-04-22 01:39:15.336262+03
13	Фируз	55	2025-04-22 01:39:15.336882+03
14	Гулнора	36	2025-04-22 01:39:15.337459+03
15	Карим	54	2025-04-22 01:39:15.338005+03
16	Сафия	59	2025-04-22 01:39:15.338521+03
17	Ойхон	25	2025-04-22 01:39:15.339016+03
18	Нозим	55	2025-04-22 01:39:15.339472+03
19	Дилором	36	2025-04-22 01:39:15.339947+03
20	Юсуф	50	2025-04-22 01:39:15.340511+03
\.


--
-- Data for Name: traning_app_order; Type: TABLE DATA; Schema: public; Owner: alishero5
--

COPY public.traning_app_order (id, created_at, total, is_active, customer_id) FROM stdin;
1	2025-04-22 01:40:22.209232+03	248.50	t	16
2	2025-04-22 01:40:22.25607+03	224.46	t	5
3	2025-04-22 01:40:22.257656+03	332.93	f	3
4	2025-04-22 01:40:22.260577+03	37.99	t	20
5	2025-04-22 01:40:22.261474+03	240.39	t	13
6	2025-04-22 01:40:22.262195+03	19.60	t	9
7	2025-04-22 01:40:22.262956+03	263.58	f	8
8	2025-04-22 01:40:22.263727+03	377.46	f	4
9	2025-04-22 01:40:22.264472+03	184.76	f	14
10	2025-04-22 01:40:22.265173+03	158.58	f	3
11	2025-04-22 01:40:22.265907+03	457.41	f	9
12	2025-04-22 01:40:22.266585+03	455.15	t	18
13	2025-04-22 01:40:22.267275+03	105.75	t	16
14	2025-04-22 01:40:22.267975+03	320.05	t	8
15	2025-04-22 01:40:22.268675+03	194.10	f	6
16	2025-04-22 01:40:22.269267+03	311.02	f	18
17	2025-04-22 01:40:22.269865+03	153.47	t	8
18	2025-04-22 01:40:22.270505+03	376.54	t	20
19	2025-04-22 01:40:22.27111+03	454.74	f	11
20	2025-04-22 01:40:22.271824+03	378.07	t	5
21	2025-04-22 01:40:22.272387+03	135.95	f	13
22	2025-04-22 01:40:22.273+03	165.06	f	11
23	2025-04-22 01:40:22.273585+03	229.53	t	5
24	2025-04-22 01:40:22.274188+03	36.64	t	12
25	2025-04-22 01:40:22.274818+03	458.81	t	20
26	2025-04-22 01:40:22.275356+03	115.14	f	11
27	2025-04-22 01:40:22.275834+03	61.14	f	12
28	2025-04-22 01:40:22.276378+03	454.12	f	14
29	2025-04-22 01:40:22.276899+03	383.23	t	8
30	2025-04-22 01:40:22.277539+03	43.92	f	10
\.


--
-- Data for Name: traning_app_orderitem; Type: TABLE DATA; Schema: public; Owner: alishero5
--

COPY public.traning_app_orderitem (id, quantity, order_id, product_id) FROM stdin;
1	2	30	8
2	1	15	25
3	3	24	15
4	4	15	1
5	3	22	24
6	1	4	12
7	2	1	5
8	2	10	27
9	5	22	11
10	5	8	18
11	3	6	2
12	3	18	21
13	1	9	10
14	5	13	22
15	3	18	10
16	3	24	28
17	3	28	34
18	1	20	6
19	1	7	24
20	2	8	1
21	3	17	39
22	1	27	36
23	4	25	16
24	5	9	27
25	1	8	27
26	5	3	38
27	4	26	25
28	5	26	12
29	1	9	25
30	5	10	29
31	3	4	26
32	1	13	16
33	1	17	37
34	2	14	17
35	3	7	21
36	5	22	4
37	5	30	8
38	1	8	39
39	5	22	34
40	5	3	20
41	3	5	32
42	4	13	10
43	5	28	23
44	4	27	21
45	2	8	26
46	1	4	7
47	2	24	6
48	3	20	39
49	5	26	22
50	1	12	8
51	1	12	35
52	2	4	39
53	2	3	5
54	2	17	13
55	2	27	15
56	3	14	2
57	4	6	14
58	2	26	25
59	5	26	10
60	3	18	11
61	2	10	30
62	2	26	20
63	3	21	12
64	5	24	37
65	4	23	5
66	1	14	1
67	3	13	32
68	4	27	18
69	2	5	33
70	5	24	20
71	4	4	9
72	2	8	11
73	5	24	8
74	1	15	28
75	4	6	6
76	4	8	13
77	2	17	14
78	2	24	16
79	5	8	7
80	1	16	31
81	2	20	20
82	3	9	15
83	4	23	11
84	1	19	22
85	1	26	16
86	2	25	5
87	1	24	33
88	1	7	18
89	2	11	27
90	3	18	27
91	5	16	15
92	2	5	12
93	1	28	29
94	2	17	15
95	3	30	9
96	5	17	8
97	2	29	11
98	3	16	8
99	2	3	29
100	4	12	4
\.


--
-- Data for Name: traning_app_product; Type: TABLE DATA; Schema: public; Owner: alishero5
--

COPY public.traning_app_product (id, name, price, discount, rating, created_at, category_id) FROM stdin;
1	Смартфон Xiaomi	876.22	11.03	9.1	2025-04-22 01:37:34.60135+03	14
2	Ноутбук Lenovo	157.11	18.02	4.3	2025-04-22 01:37:34.648245+03	1
3	Книга 'Python 101'	79.39	12.71	1	2025-04-22 01:37:34.649109+03	4
4	Электрочайник Bosch	317.04	25.17	4.5	2025-04-22 01:37:34.64998+03	3
5	Футболка Adidas	796.60	14.11	4.1	2025-04-22 01:37:34.650791+03	5
6	Кроссовки Nike	982.66	17.56	8.8	2025-04-22 01:37:34.651587+03	7
7	Пылесос Samsung	505.05	28.67	9.8	2025-04-22 01:37:34.652434+03	9
8	Гитара Yamaha	503.74	23.51	7.3	2025-04-22 01:37:34.653238+03	9
9	Настольная лампа	816.97	29.56	6.9	2025-04-22 01:37:34.653906+03	2
10	Письменный стол	307.42	29.85	3.3	2025-04-22 01:37:34.654544+03	12
11	Игровая мышь	281.03	6.40	6.9	2025-04-22 01:37:34.655355+03	6
12	Детская игрушка	535.93	3.53	6.3	2025-04-22 01:37:34.65627+03	11
13	Спортивный костюм	246.24	23.98	5.5	2025-04-22 01:37:34.657134+03	11
14	Автомагнитола	403.08	22.67	8.8	2025-04-22 01:37:34.657918+03	6
15	Рюкзак городской	235.59	17.00	5.8	2025-04-22 01:37:34.658654+03	15
16	Наушники Sony	25.19	27.74	1	2025-04-22 01:37:34.65937+03	2
17	Флешка 128GB	371.80	11.89	3.4	2025-04-22 01:37:34.65998+03	7
18	Велотренажёр	666.11	4.90	7.9	2025-04-22 01:37:34.660601+03	11
19	Зубная щётка	978.51	17.78	6.2	2025-04-22 01:37:34.66116+03	13
20	Парфюм Chanel	751.82	16.19	3.4	2025-04-22 01:37:34.661667+03	15
21	Часы Casio	59.51	9.32	5	2025-04-22 01:37:34.662274+03	9
22	Блендер Philips	576.51	15.23	8.8	2025-04-22 01:37:34.66278+03	7
23	Книга 'Django в действии'	698.60	11.78	4	2025-04-22 01:37:34.663293+03	6
24	Тонометр Omron	415.35	26.29	8.6	2025-04-22 01:37:34.663801+03	13
25	Гриль Tefal	995.65	21.43	3.1	2025-04-22 01:37:34.664302+03	6
26	Робот-пылесос	485.44	26.92	6.3	2025-04-22 01:37:34.664852+03	4
27	Музыкальный синтезатор	832.26	3.53	8	2025-04-22 01:37:34.665428+03	10
28	Умная колонка	428.10	21.36	8.3	2025-04-22 01:37:34.665978+03	10
29	Массажное кресло	209.35	11.60	5.6	2025-04-22 01:37:34.666536+03	6
30	Электросамокат	760.10	20.45	4.8	2025-04-22 01:37:34.667132+03	14
31	Плед флисовый	247.97	11.11	4	2025-04-22 01:37:34.66777+03	9
32	Ламинатор	915.46	29.43	6.5	2025-04-22 01:37:34.668311+03	8
33	Скетчбук	492.73	22.88	4.7	2025-04-22 01:37:34.668865+03	4
34	Спорт бутылка	397.32	2.39	6.9	2025-04-22 01:37:34.669361+03	4
35	Тренажёр пресса	739.59	19.50	9.7	2025-04-22 01:37:34.66992+03	6
36	Зарядка	133.78	20.39	1.9	2025-04-22 01:37:34.670498+03	5
37	Лак	849.91	26.63	2.2	2025-04-22 01:37:34.671031+03	15
38	Термос	836.85	1.87	4.9	2025-04-22 01:37:34.67161+03	15
39	Лазерный уровень	715.72	5.58	5.8	2025-04-22 01:37:34.672124+03	1
\.


--
-- Name: auth_group_id_seq; Type: SEQUENCE SET; Schema: public; Owner: alishero5
--

SELECT pg_catalog.setval('public.auth_group_id_seq', 1, false);


--
-- Name: auth_group_permissions_id_seq; Type: SEQUENCE SET; Schema: public; Owner: alishero5
--

SELECT pg_catalog.setval('public.auth_group_permissions_id_seq', 1, false);


--
-- Name: auth_permission_id_seq; Type: SEQUENCE SET; Schema: public; Owner: alishero5
--

SELECT pg_catalog.setval('public.auth_permission_id_seq', 44, true);


--
-- Name: auth_user_groups_id_seq; Type: SEQUENCE SET; Schema: public; Owner: alishero5
--

SELECT pg_catalog.setval('public.auth_user_groups_id_seq', 1, false);


--
-- Name: auth_user_id_seq; Type: SEQUENCE SET; Schema: public; Owner: alishero5
--

SELECT pg_catalog.setval('public.auth_user_id_seq', 1, true);


--
-- Name: auth_user_user_permissions_id_seq; Type: SEQUENCE SET; Schema: public; Owner: alishero5
--

SELECT pg_catalog.setval('public.auth_user_user_permissions_id_seq', 1, false);


--
-- Name: django_admin_log_id_seq; Type: SEQUENCE SET; Schema: public; Owner: alishero5
--

SELECT pg_catalog.setval('public.django_admin_log_id_seq', 1, false);


--
-- Name: django_content_type_id_seq; Type: SEQUENCE SET; Schema: public; Owner: alishero5
--

SELECT pg_catalog.setval('public.django_content_type_id_seq', 11, true);


--
-- Name: django_migrations_id_seq; Type: SEQUENCE SET; Schema: public; Owner: alishero5
--

SELECT pg_catalog.setval('public.django_migrations_id_seq', 19, true);


--
-- Name: traning_app_category_id_seq; Type: SEQUENCE SET; Schema: public; Owner: alishero5
--

SELECT pg_catalog.setval('public.traning_app_category_id_seq', 15, true);


--
-- Name: traning_app_customer_id_seq; Type: SEQUENCE SET; Schema: public; Owner: alishero5
--

SELECT pg_catalog.setval('public.traning_app_customer_id_seq', 20, true);


--
-- Name: traning_app_order_id_seq; Type: SEQUENCE SET; Schema: public; Owner: alishero5
--

SELECT pg_catalog.setval('public.traning_app_order_id_seq', 30, true);


--
-- Name: traning_app_orderitem_id_seq; Type: SEQUENCE SET; Schema: public; Owner: alishero5
--

SELECT pg_catalog.setval('public.traning_app_orderitem_id_seq', 100, true);


--
-- Name: traning_app_product_id_seq; Type: SEQUENCE SET; Schema: public; Owner: alishero5
--

SELECT pg_catalog.setval('public.traning_app_product_id_seq', 39, true);


--
-- Name: auth_group auth_group_name_key; Type: CONSTRAINT; Schema: public; Owner: alishero5
--

ALTER TABLE ONLY public.auth_group
    ADD CONSTRAINT auth_group_name_key UNIQUE (name);


--
-- Name: auth_group_permissions auth_group_permissions_group_id_permission_id_0cd325b0_uniq; Type: CONSTRAINT; Schema: public; Owner: alishero5
--

ALTER TABLE ONLY public.auth_group_permissions
    ADD CONSTRAINT auth_group_permissions_group_id_permission_id_0cd325b0_uniq UNIQUE (group_id, permission_id);


--
-- Name: auth_group_permissions auth_group_permissions_pkey; Type: CONSTRAINT; Schema: public; Owner: alishero5
--

ALTER TABLE ONLY public.auth_group_permissions
    ADD CONSTRAINT auth_group_permissions_pkey PRIMARY KEY (id);


--
-- Name: auth_group auth_group_pkey; Type: CONSTRAINT; Schema: public; Owner: alishero5
--

ALTER TABLE ONLY public.auth_group
    ADD CONSTRAINT auth_group_pkey PRIMARY KEY (id);


--
-- Name: auth_permission auth_permission_content_type_id_codename_01ab375a_uniq; Type: CONSTRAINT; Schema: public; Owner: alishero5
--

ALTER TABLE ONLY public.auth_permission
    ADD CONSTRAINT auth_permission_content_type_id_codename_01ab375a_uniq UNIQUE (content_type_id, codename);


--
-- Name: auth_permission auth_permission_pkey; Type: CONSTRAINT; Schema: public; Owner: alishero5
--

ALTER TABLE ONLY public.auth_permission
    ADD CONSTRAINT auth_permission_pkey PRIMARY KEY (id);


--
-- Name: auth_user_groups auth_user_groups_pkey; Type: CONSTRAINT; Schema: public; Owner: alishero5
--

ALTER TABLE ONLY public.auth_user_groups
    ADD CONSTRAINT auth_user_groups_pkey PRIMARY KEY (id);


--
-- Name: auth_user_groups auth_user_groups_user_id_group_id_94350c0c_uniq; Type: CONSTRAINT; Schema: public; Owner: alishero5
--

ALTER TABLE ONLY public.auth_user_groups
    ADD CONSTRAINT auth_user_groups_user_id_group_id_94350c0c_uniq UNIQUE (user_id, group_id);


--
-- Name: auth_user auth_user_pkey; Type: CONSTRAINT; Schema: public; Owner: alishero5
--

ALTER TABLE ONLY public.auth_user
    ADD CONSTRAINT auth_user_pkey PRIMARY KEY (id);


--
-- Name: auth_user_user_permissions auth_user_user_permissions_pkey; Type: CONSTRAINT; Schema: public; Owner: alishero5
--

ALTER TABLE ONLY public.auth_user_user_permissions
    ADD CONSTRAINT auth_user_user_permissions_pkey PRIMARY KEY (id);


--
-- Name: auth_user_user_permissions auth_user_user_permissions_user_id_permission_id_14a6b632_uniq; Type: CONSTRAINT; Schema: public; Owner: alishero5
--

ALTER TABLE ONLY public.auth_user_user_permissions
    ADD CONSTRAINT auth_user_user_permissions_user_id_permission_id_14a6b632_uniq UNIQUE (user_id, permission_id);


--
-- Name: auth_user auth_user_username_key; Type: CONSTRAINT; Schema: public; Owner: alishero5
--

ALTER TABLE ONLY public.auth_user
    ADD CONSTRAINT auth_user_username_key UNIQUE (username);


--
-- Name: django_admin_log django_admin_log_pkey; Type: CONSTRAINT; Schema: public; Owner: alishero5
--

ALTER TABLE ONLY public.django_admin_log
    ADD CONSTRAINT django_admin_log_pkey PRIMARY KEY (id);


--
-- Name: django_content_type django_content_type_app_label_model_76bd3d3b_uniq; Type: CONSTRAINT; Schema: public; Owner: alishero5
--

ALTER TABLE ONLY public.django_content_type
    ADD CONSTRAINT django_content_type_app_label_model_76bd3d3b_uniq UNIQUE (app_label, model);


--
-- Name: django_content_type django_content_type_pkey; Type: CONSTRAINT; Schema: public; Owner: alishero5
--

ALTER TABLE ONLY public.django_content_type
    ADD CONSTRAINT django_content_type_pkey PRIMARY KEY (id);


--
-- Name: django_migrations django_migrations_pkey; Type: CONSTRAINT; Schema: public; Owner: alishero5
--

ALTER TABLE ONLY public.django_migrations
    ADD CONSTRAINT django_migrations_pkey PRIMARY KEY (id);


--
-- Name: django_session django_session_pkey; Type: CONSTRAINT; Schema: public; Owner: alishero5
--

ALTER TABLE ONLY public.django_session
    ADD CONSTRAINT django_session_pkey PRIMARY KEY (session_key);


--
-- Name: traning_app_category traning_app_category_pkey; Type: CONSTRAINT; Schema: public; Owner: alishero5
--

ALTER TABLE ONLY public.traning_app_category
    ADD CONSTRAINT traning_app_category_pkey PRIMARY KEY (id);


--
-- Name: traning_app_customer traning_app_customer_pkey; Type: CONSTRAINT; Schema: public; Owner: alishero5
--

ALTER TABLE ONLY public.traning_app_customer
    ADD CONSTRAINT traning_app_customer_pkey PRIMARY KEY (id);


--
-- Name: traning_app_order traning_app_order_pkey; Type: CONSTRAINT; Schema: public; Owner: alishero5
--

ALTER TABLE ONLY public.traning_app_order
    ADD CONSTRAINT traning_app_order_pkey PRIMARY KEY (id);


--
-- Name: traning_app_orderitem traning_app_orderitem_pkey; Type: CONSTRAINT; Schema: public; Owner: alishero5
--

ALTER TABLE ONLY public.traning_app_orderitem
    ADD CONSTRAINT traning_app_orderitem_pkey PRIMARY KEY (id);


--
-- Name: traning_app_product traning_app_product_pkey; Type: CONSTRAINT; Schema: public; Owner: alishero5
--

ALTER TABLE ONLY public.traning_app_product
    ADD CONSTRAINT traning_app_product_pkey PRIMARY KEY (id);


--
-- Name: auth_group_name_a6ea08ec_like; Type: INDEX; Schema: public; Owner: alishero5
--

CREATE INDEX auth_group_name_a6ea08ec_like ON public.auth_group USING btree (name varchar_pattern_ops);


--
-- Name: auth_group_permissions_group_id_b120cbf9; Type: INDEX; Schema: public; Owner: alishero5
--

CREATE INDEX auth_group_permissions_group_id_b120cbf9 ON public.auth_group_permissions USING btree (group_id);


--
-- Name: auth_group_permissions_permission_id_84c5c92e; Type: INDEX; Schema: public; Owner: alishero5
--

CREATE INDEX auth_group_permissions_permission_id_84c5c92e ON public.auth_group_permissions USING btree (permission_id);


--
-- Name: auth_permission_content_type_id_2f476e4b; Type: INDEX; Schema: public; Owner: alishero5
--

CREATE INDEX auth_permission_content_type_id_2f476e4b ON public.auth_permission USING btree (content_type_id);


--
-- Name: auth_user_groups_group_id_97559544; Type: INDEX; Schema: public; Owner: alishero5
--

CREATE INDEX auth_user_groups_group_id_97559544 ON public.auth_user_groups USING btree (group_id);


--
-- Name: auth_user_groups_user_id_6a12ed8b; Type: INDEX; Schema: public; Owner: alishero5
--

CREATE INDEX auth_user_groups_user_id_6a12ed8b ON public.auth_user_groups USING btree (user_id);


--
-- Name: auth_user_user_permissions_permission_id_1fbb5f2c; Type: INDEX; Schema: public; Owner: alishero5
--

CREATE INDEX auth_user_user_permissions_permission_id_1fbb5f2c ON public.auth_user_user_permissions USING btree (permission_id);


--
-- Name: auth_user_user_permissions_user_id_a95ead1b; Type: INDEX; Schema: public; Owner: alishero5
--

CREATE INDEX auth_user_user_permissions_user_id_a95ead1b ON public.auth_user_user_permissions USING btree (user_id);


--
-- Name: auth_user_username_6821ab7c_like; Type: INDEX; Schema: public; Owner: alishero5
--

CREATE INDEX auth_user_username_6821ab7c_like ON public.auth_user USING btree (username varchar_pattern_ops);


--
-- Name: django_admin_log_content_type_id_c4bce8eb; Type: INDEX; Schema: public; Owner: alishero5
--

CREATE INDEX django_admin_log_content_type_id_c4bce8eb ON public.django_admin_log USING btree (content_type_id);


--
-- Name: django_admin_log_user_id_c564eba6; Type: INDEX; Schema: public; Owner: alishero5
--

CREATE INDEX django_admin_log_user_id_c564eba6 ON public.django_admin_log USING btree (user_id);


--
-- Name: django_session_expire_date_a5c62663; Type: INDEX; Schema: public; Owner: alishero5
--

CREATE INDEX django_session_expire_date_a5c62663 ON public.django_session USING btree (expire_date);


--
-- Name: django_session_session_key_c0390e0f_like; Type: INDEX; Schema: public; Owner: alishero5
--

CREATE INDEX django_session_session_key_c0390e0f_like ON public.django_session USING btree (session_key varchar_pattern_ops);


--
-- Name: traning_app_order_customer_id_0af9fa54; Type: INDEX; Schema: public; Owner: alishero5
--

CREATE INDEX traning_app_order_customer_id_0af9fa54 ON public.traning_app_order USING btree (customer_id);


--
-- Name: traning_app_orderitem_order_id_c78d78d7; Type: INDEX; Schema: public; Owner: alishero5
--

CREATE INDEX traning_app_orderitem_order_id_c78d78d7 ON public.traning_app_orderitem USING btree (order_id);


--
-- Name: traning_app_orderitem_product_id_619304ec; Type: INDEX; Schema: public; Owner: alishero5
--

CREATE INDEX traning_app_orderitem_product_id_619304ec ON public.traning_app_orderitem USING btree (product_id);


--
-- Name: traning_app_product_category_id_12dcc8c0; Type: INDEX; Schema: public; Owner: alishero5
--

CREATE INDEX traning_app_product_category_id_12dcc8c0 ON public.traning_app_product USING btree (category_id);


--
-- Name: auth_group_permissions auth_group_permissio_permission_id_84c5c92e_fk_auth_perm; Type: FK CONSTRAINT; Schema: public; Owner: alishero5
--

ALTER TABLE ONLY public.auth_group_permissions
    ADD CONSTRAINT auth_group_permissio_permission_id_84c5c92e_fk_auth_perm FOREIGN KEY (permission_id) REFERENCES public.auth_permission(id) DEFERRABLE INITIALLY DEFERRED;


--
-- Name: auth_group_permissions auth_group_permissions_group_id_b120cbf9_fk_auth_group_id; Type: FK CONSTRAINT; Schema: public; Owner: alishero5
--

ALTER TABLE ONLY public.auth_group_permissions
    ADD CONSTRAINT auth_group_permissions_group_id_b120cbf9_fk_auth_group_id FOREIGN KEY (group_id) REFERENCES public.auth_group(id) DEFERRABLE INITIALLY DEFERRED;


--
-- Name: auth_permission auth_permission_content_type_id_2f476e4b_fk_django_co; Type: FK CONSTRAINT; Schema: public; Owner: alishero5
--

ALTER TABLE ONLY public.auth_permission
    ADD CONSTRAINT auth_permission_content_type_id_2f476e4b_fk_django_co FOREIGN KEY (content_type_id) REFERENCES public.django_content_type(id) DEFERRABLE INITIALLY DEFERRED;


--
-- Name: auth_user_groups auth_user_groups_group_id_97559544_fk_auth_group_id; Type: FK CONSTRAINT; Schema: public; Owner: alishero5
--

ALTER TABLE ONLY public.auth_user_groups
    ADD CONSTRAINT auth_user_groups_group_id_97559544_fk_auth_group_id FOREIGN KEY (group_id) REFERENCES public.auth_group(id) DEFERRABLE INITIALLY DEFERRED;


--
-- Name: auth_user_groups auth_user_groups_user_id_6a12ed8b_fk_auth_user_id; Type: FK CONSTRAINT; Schema: public; Owner: alishero5
--

ALTER TABLE ONLY public.auth_user_groups
    ADD CONSTRAINT auth_user_groups_user_id_6a12ed8b_fk_auth_user_id FOREIGN KEY (user_id) REFERENCES public.auth_user(id) DEFERRABLE INITIALLY DEFERRED;


--
-- Name: auth_user_user_permissions auth_user_user_permi_permission_id_1fbb5f2c_fk_auth_perm; Type: FK CONSTRAINT; Schema: public; Owner: alishero5
--

ALTER TABLE ONLY public.auth_user_user_permissions
    ADD CONSTRAINT auth_user_user_permi_permission_id_1fbb5f2c_fk_auth_perm FOREIGN KEY (permission_id) REFERENCES public.auth_permission(id) DEFERRABLE INITIALLY DEFERRED;


--
-- Name: auth_user_user_permissions auth_user_user_permissions_user_id_a95ead1b_fk_auth_user_id; Type: FK CONSTRAINT; Schema: public; Owner: alishero5
--

ALTER TABLE ONLY public.auth_user_user_permissions
    ADD CONSTRAINT auth_user_user_permissions_user_id_a95ead1b_fk_auth_user_id FOREIGN KEY (user_id) REFERENCES public.auth_user(id) DEFERRABLE INITIALLY DEFERRED;


--
-- Name: django_admin_log django_admin_log_content_type_id_c4bce8eb_fk_django_co; Type: FK CONSTRAINT; Schema: public; Owner: alishero5
--

ALTER TABLE ONLY public.django_admin_log
    ADD CONSTRAINT django_admin_log_content_type_id_c4bce8eb_fk_django_co FOREIGN KEY (content_type_id) REFERENCES public.django_content_type(id) DEFERRABLE INITIALLY DEFERRED;


--
-- Name: django_admin_log django_admin_log_user_id_c564eba6_fk_auth_user_id; Type: FK CONSTRAINT; Schema: public; Owner: alishero5
--

ALTER TABLE ONLY public.django_admin_log
    ADD CONSTRAINT django_admin_log_user_id_c564eba6_fk_auth_user_id FOREIGN KEY (user_id) REFERENCES public.auth_user(id) DEFERRABLE INITIALLY DEFERRED;


--
-- Name: traning_app_order traning_app_order_customer_id_0af9fa54_fk_traning_a; Type: FK CONSTRAINT; Schema: public; Owner: alishero5
--

ALTER TABLE ONLY public.traning_app_order
    ADD CONSTRAINT traning_app_order_customer_id_0af9fa54_fk_traning_a FOREIGN KEY (customer_id) REFERENCES public.traning_app_customer(id) DEFERRABLE INITIALLY DEFERRED;


--
-- Name: traning_app_orderitem traning_app_orderite_product_id_619304ec_fk_traning_a; Type: FK CONSTRAINT; Schema: public; Owner: alishero5
--

ALTER TABLE ONLY public.traning_app_orderitem
    ADD CONSTRAINT traning_app_orderite_product_id_619304ec_fk_traning_a FOREIGN KEY (product_id) REFERENCES public.traning_app_product(id) DEFERRABLE INITIALLY DEFERRED;


--
-- Name: traning_app_orderitem traning_app_orderitem_order_id_c78d78d7_fk_traning_app_order_id; Type: FK CONSTRAINT; Schema: public; Owner: alishero5
--

ALTER TABLE ONLY public.traning_app_orderitem
    ADD CONSTRAINT traning_app_orderitem_order_id_c78d78d7_fk_traning_app_order_id FOREIGN KEY (order_id) REFERENCES public.traning_app_order(id) DEFERRABLE INITIALLY DEFERRED;


--
-- Name: traning_app_product traning_app_product_category_id_12dcc8c0_fk_traning_a; Type: FK CONSTRAINT; Schema: public; Owner: alishero5
--

ALTER TABLE ONLY public.traning_app_product
    ADD CONSTRAINT traning_app_product_category_id_12dcc8c0_fk_traning_a FOREIGN KEY (category_id) REFERENCES public.traning_app_category(id) DEFERRABLE INITIALLY DEFERRED;


--
-- PostgreSQL database dump complete
--

